product_name,product_id,image,url,price,scraped_at,description,measuring_unit,units
Ballantine's Scotch Whisky 700mL Bottle,555940,"{""default"": ""https://cdn.metcash.media/image/upload/w_1500,h_1500,c_pad,b_auto/alm-online/images/555940.jpg"", ""cell"": ""https://cdn.metcash.media/image/upload/w_1500,h_1500,c_pad,b_auto/alm-online/images/555940.jpg"", ""details"": ""https://cdn.metcash.media/image/upload/w_1500,h_1500,c_pad,b_auto/alm-online/images/555940.jpg"", ""zoom"": ""https://cdn.metcash.media/image/upload/w_1500,h_1500,c_pad,b_auto/alm-online/images/555940.jpg"", ""template"": ""https://cdn.metcash.media/image/upload/w_1500,h_1500,c_pad,b_auto/alm-online/images/555940.jpg""}",https://www.cellarbrations.com.au/sm/delivery/rsid/144981/product/ballantine-s-scotch-whisky-700ml-bottle-id-555940,$58.00,2026-10-02T11:54:41.927902+00:00,"Ballantine's Finest Scotch Whisky is one of the worlds best blended Scotch Whiskys and is blended with 50 single malts, 4 single grains and most important of all those is the signature malts of Miltonduff and Glenburgie. Alcohol Volume: 40.00% Pack Format: Bottle Standard Drinks: 22 Pack Type: Bottle Country of Origin: Scotland",ml,700.0
Black Douglas Scotch Whisky 700mL Bottle,555584,"{""default"": ""https://cdn.metcash.media/image/upload/w_1500,h_1500,c_pad,b_auto/alm-online/images/555584.jpg"", ""cell"": ""https://cdn.metcash.media/image/upload/w_1500,h_1500,c_pad,b_auto/alm-online/images/555584.jpg"", ""details"": ""https://cdn.metcash.media/image/upload/w_1500,h_1500,c_pad,b_auto/alm-online/images/555584.jpg"", ""zoom"": ""https://cdn.metcash.media/image/upload/w_1500,h_1500,c_pad,b_auto/alm-online/images/555584.jpg"", ""template"": ""https://cdn.metcash.media/image/upload/w_1500,h_1500,c_pad,b_auto/alm-online/images/555584.jpg""}",https://www.cellarbrations.com.au/sm/delivery/rsid/144981/product/black-douglas-scotch-whisky-700ml-bottle-id-555584,$58.00,2026-10-02T11:54:42.446860+00:00,"Named after Scotland's mightiest warrior, Black Douglas has a smooth taste and a clean finish. One of the true benchmarks in quality scotch. Alcohol Volume: 40.00% Pack Format: Bottle Standard Drinks: 22 Pack Type: Bottle Country of Origin: Scotland",ml,700.0
Bond Seven Whisky 700mL Bottle,557780,"{""default"": ""https://cdn.metcash.media/image/upload/w_1500,h_1500,c_pad,b_auto/alm-online/images/557780.jpg"", ""cell"": ""https://cdn.metcash.media/image/upload/w_1500,h_1500,c_pad,b_auto/alm-online/images/557780.jpg"", ""details"": ""https://cdn.metcash.media/image/upload/w_1500,h_1500,c_pad,b_auto/alm-online/images/557780.jpg"", ""zoom"": ""https://cdn.metcash.media/image/upload/w_1500,h_1500,c_pad,b_auto/alm-online/images/557780.jpg"", ""template"": ""https://cdn.metcash.media/image/upload/w_1500,h_1500,c_pad,b_auto/alm-online/images/557780.jpg""}",https://www.cellarbrations.com.au/sm/delivery/rsid/144981/product/bond-seven-whisky-700ml-bottle-id-557780,$50.00,2026-10-02T11:54:43.054508+00:00,"Light, sweet, and slightly grainy with some roast malt in the background. Contains some slightly charred woody notes. Full bodied. Contains malt (Smokey), honey, and tasty spices on palate. Also has a lengthy soft vanilla finish with a final hint of peat/caramel and plenty of heat. There is also a lingering malty/smokey aftertaste. Alcohol Volume: 37.00% Pack Format: Bottle Standard Drinks: 20.4 Pack Type: Bottle Country of Origin: Australia",ml,700.0
Bruichladdich The Classic Laddie Single Malt Scotch Whisky 700mL Bottle,197129,"{""default"": ""https://cdn.metcash.media/image/upload/w_1500,h_1500,c_pad,b_auto/alm-online/images/197129.jpg"", ""cell"": ""https://cdn.metcash.media/image/upload/w_1500,h_1500,c_pad,b_auto/alm-online/images/197129.jpg"", ""details"": ""https://cdn.metcash.media/image/upload/w_1500,h_1500,c_pad,b_auto/alm-online/images/197129.jpg"", ""zoom"": ""https://cdn.metcash.media/image/upload/w_1500,h_1500,c_pad,b_auto/alm-online/images/197129.jpg"", ""template"": ""https://cdn.metcash.media/image/upload/w_1500,h_1500,c_pad,b_auto/alm-online/images/197129.jpg""}",https://www.cellarbrations.com.au/sm/delivery/rsid/144981/product/bruichladdich-the-classic-laddie-single-malt-scotch-whisky-700ml-bottle-id-197129,$115.00,2026-10-02T11:54:43.612471+00:00,BRUICH CLASSIC LADDIE 50% 700mL Alcohol Volume: 50.00% Pack Format: Bottle Standard Drinks: 28 Pack Type: Bottle Country of Origin: Scotland,ml,700.0
Bushmills 10 Year Old Single Malt Irish Whiskey 700mL Bottle,238085,"{""default"": ""https://cdn.metcash.media/image/upload/w_1500,h_1500,c_pad,b_auto/alm-online/images/238085.jpg"", ""cell"": ""https://cdn.metcash.media/image/upload/w_1500,h_1500,c_pad,b_auto/alm-online/images/238085.jpg"", ""details"": ""https://cdn.metcash.media/image/upload/w_1500,h_1500,c_pad,b_auto/alm-online/images/238085.jpg"", ""zoom"": ""https://cdn.metcash.media/image/upload/w_1500,h_1500,c_pad,b_auto/alm-online/images/238085.jpg"", ""template"": ""https://cdn.metcash.media/image/upload/w_1500,h_1500,c_pad,b_auto/alm-online/images/238085.jpg""}",https://www.cellarbrations.com.au/sm/delivery/rsid/144981/product/bushmills-10-year-old-single-malt-irish-whiskey-700ml-bottle-id-238085,$75.00,2026-10-02T11:54:44.170038+00:00,Bushmills Single Malt Whiskey 10 year old is triple distilled from 100% malted barley and matured for at least 10 years in bourbon seasoned barrels. Alcohol Volume: 40.0% Pack Format: Bottle Standard Drinks: 22 Pack Type: Bottle Country of Origin: Ireland,ml,700.0
Canadian Club 8 Year Old Blended Canadian Whisky 700mL Bottle,887622,"{""default"": ""https://cdn.metcash.media/image/upload/w_1500,h_1500,c_pad,b_auto/alm-online/images/887622.jpg"", ""cell"": ""https://cdn.metcash.media/image/upload/w_1500,h_1500,c_pad,b_auto/alm-online/images/887622.jpg"", ""details"": ""https://cdn.metcash.media/image/upload/w_1500,h_1500,c_pad,b_auto/alm-online/images/887622.jpg"", ""zoom"": ""https://cdn.metcash.media/image/upload/w_1500,h_1500,c_pad,b_auto/alm-online/images/887622.jpg"", ""template"": ""https://cdn.metcash.media/image/upload/w_1500,h_1500,c_pad,b_auto/alm-online/images/887622.jpg""}",https://www.cellarbrations.com.au/sm/delivery/rsid/144981/product/canadian-club-8-year-old-blended-canadian-whisky-700ml-bottle-id-887622,$58.00,2026-10-02T11:54:44.793349+00:00,"Canadian Club 8 year old is a more refined, mature, older sibling of Canadian Club Original 1858. It has been expertly distilled and matured in char-treated American white oak barrels for eight years to create a rich, smooth flavour. Alcohol Volume: 40.00% Pack Format: Bottle Standard Drinks: 22.1 Pack Type: Bottle Country of Origin: Canada",ml,700.0
Canadian Club Classic 12 Year Old Whisky 700mL Bottle,570225,"{""default"": ""https://cdn.metcash.media/image/upload/w_1500,h_1500,c_pad,b_auto/alm-online/images/570225.jpg"", ""cell"": ""https://cdn.metcash.media/image/upload/w_1500,h_1500,c_pad,b_auto/alm-online/images/570225.jpg"", ""details"": ""https://cdn.metcash.media/image/upload/w_1500,h_1500,c_pad,b_auto/alm-online/images/570225.jpg"", ""zoom"": ""https://cdn.metcash.media/image/upload/w_1500,h_1500,c_pad,b_auto/alm-online/images/570225.jpg"", ""template"": ""https://cdn.metcash.media/image/upload/w_1500,h_1500,c_pad,b_auto/alm-online/images/570225.jpg""}",https://www.cellarbrations.com.au/sm/delivery/rsid/144981/product/canadian-club-classic-12-year-old-whisky-700ml-bottle-id-570225,$75.00,2026-10-02T11:54:45.408012+00:00,"Canadian Club 12 Year Old is aged for the extra 6 years to allow maturing in wood to produce a darker spirit with more of the traditional characteristics of aged whiskies and a richer, more aromatic flavour. This 12 Year Old whisky is perfect for mixing, or can be served on the rocks. Alcohol Volume: 40.00% Pack Format: Bottle Standard Drinks: 22 Pack Type: Bottle Country of Origin: Canada",ml,700.0
Canadian Club Original 1L Bottle,760472,"{""default"": ""https://cdn.metcash.media/image/upload/w_1500,h_1500,c_pad,b_auto/alm-online/images/760472.jpg"", ""cell"": ""https://cdn.metcash.media/image/upload/w_1500,h_1500,c_pad,b_auto/alm-online/images/760472.jpg"", ""details"": ""https://cdn.metcash.media/image/upload/w_1500,h_1500,c_pad,b_auto/alm-online/images/760472.jpg"", ""zoom"": ""https://cdn.metcash.media/image/upload/w_1500,h_1500,c_pad,b_auto/alm-online/images/760472.jpg"", ""template"": ""https://cdn.metcash.media/image/upload/w_1500,h_1500,c_pad,b_auto/alm-online/images/760472.jpg""}",https://www.cellarbrations.com.au/sm/delivery/rsid/144981/product/canadian-club-original-1l-bottle-id-760472,$68.00,2026-10-02T11:54:45.945034+00:00,"Our best-selling, flagship whisky is where most folks begin their whisky journey. This is the one that started the legend. A giant of Canadian whisky since 1858, it’s aged longer than the 3 years required by law in oak barrels before bottling for the smoothest possible flavour. Spicy and zesty, complimented with hints of rich oak and sweet vanilla, pleasant sweetness Alcohol Volume: 37.00% Pack Format: Bottle Standard Drinks: 29.2 Pack Type: Bottle Country of Origin: Canada",l,1.0
Canadian Club Original 700mL Bottle,560929,"{""default"": ""https://cdn.metcash.media/image/upload/w_1500,h_1500,c_pad,b_auto/alm-online/images/560929.jpg"", ""cell"": ""https://cdn.metcash.media/image/upload/w_1500,h_1500,c_pad,b_auto/alm-online/images/560929.jpg"", ""details"": ""https://cdn.metcash.media/image/upload/w_1500,h_1500,c_pad,b_auto/alm-online/images/560929.jpg"", ""zoom"": ""https://cdn.metcash.media/image/upload/w_1500,h_1500,c_pad,b_auto/alm-online/images/560929.jpg"", ""template"": ""https://cdn.metcash.media/image/upload/w_1500,h_1500,c_pad,b_auto/alm-online/images/560929.jpg""}",https://www.cellarbrations.com.au/sm/delivery/rsid/144981/product/canadian-club-original-700ml-bottle-id-560929,$57.00,2026-10-02T11:54:46.484776+00:00,"Canadian Club® Original 1858 whisky is pre-blended for a more refined taste profile and aged, longer than the three years required by law, in white-oak American bourbon barrels for a smooth, distinctive rich, oak flavour. Alcohol Volume: 37.00% Pack Format: Bottle Standard Drinks: 20.5 Pack Type: Bottle Country of Origin: Canada",ml,700.0
Chivas Regal 12 Year Old Blended Scotch Whisky 700mL Bottle,557099,"{""default"": ""https://cdn.metcash.media/image/upload/w_1500,h_1500,c_pad,b_auto/alm-online/images/557099.jpg"", ""cell"": ""https://cdn.metcash.media/image/upload/w_1500,h_1500,c_pad,b_auto/alm-online/images/557099.jpg"", ""details"": ""https://cdn.metcash.media/image/upload/w_1500,h_1500,c_pad,b_auto/alm-online/images/557099.jpg"", ""zoom"": ""https://cdn.metcash.media/image/upload/w_1500,h_1500,c_pad,b_auto/alm-online/images/557099.jpg"", ""template"": ""https://cdn.metcash.media/image/upload/w_1500,h_1500,c_pad,b_auto/alm-online/images/557099.jpg""}",https://www.cellarbrations.com.au/sm/delivery/rsid/144981/product/chivas-regal-12-year-old-blended-scotch-whisky-700ml-bottle-id-557099,$72.00,2026-10-02T11:54:47.353700+00:00,"From the oldest operating distillery in the Scottish Highlands, Chivas Regal has been famous for its extraordinary selection of malt Whiskies. Matured for 12 years the result is a rich and generous Whisky with honey and hazelnut notes and a long creamy finish. Chivas Regal is the perfect gift for all occasions. Alcohol Volume: 40.00% Pack Format: Bottle Standard Drinks: 22 Pack Type: Bottle Country of Origin: Scotland",ml,700.0
Chivas Regal 18 Year Old Blended Scotch Whisky 700mL Bottle,540893,"{""default"": ""https://cdn.metcash.media/image/upload/w_1500,h_1500,c_pad,b_auto/alm-online/images/540893.jpg"", ""cell"": ""https://cdn.metcash.media/image/upload/w_1500,h_1500,c_pad,b_auto/alm-online/images/540893.jpg"", ""details"": ""https://cdn.metcash.media/image/upload/w_1500,h_1500,c_pad,b_auto/alm-online/images/540893.jpg"", ""zoom"": ""https://cdn.metcash.media/image/upload/w_1500,h_1500,c_pad,b_auto/alm-online/images/540893.jpg"", ""template"": ""https://cdn.metcash.media/image/upload/w_1500,h_1500,c_pad,b_auto/alm-online/images/540893.jpg""}",https://www.cellarbrations.com.au/sm/delivery/rsid/144981/product/chivas-regal-18-year-old-blended-scotch-whisky-700ml-bottle-id-540893,$145.00,2026-10-02T11:54:47.967983+00:00,"Chivas Regal 18 Year Old has been created by using whiskies matured for at least 18 years which has resulted in this very special Whisky. Exceptional richness with aromas of buttery toffee, dark chocolate and dried fruit. Hints of spices and smoke combine to produce a long, warm finish. Alcohol Volume: 40.0% Pack Format: Bottle Standard Drinks: 22 Pack Type: Bottle Country of Origin: Scotland",ml,700.0
Chivas Regal Extra Blended Scotch Whisky 700mL Bottle,199927,"{""default"": ""https://cdn.metcash.media/image/upload/w_1500,h_1500,c_pad,b_auto/alm-online/images/199927.jpg"", ""cell"": ""https://cdn.metcash.media/image/upload/w_1500,h_1500,c_pad,b_auto/alm-online/images/199927.jpg"", ""details"": ""https://cdn.metcash.media/image/upload/w_1500,h_1500,c_pad,b_auto/alm-online/images/199927.jpg"", ""zoom"": ""https://cdn.metcash.media/image/upload/w_1500,h_1500,c_pad,b_auto/alm-online/images/199927.jpg"", ""template"": ""https://cdn.metcash.media/image/upload/w_1500,h_1500,c_pad,b_auto/alm-online/images/199927.jpg""}",https://www.cellarbrations.com.au/sm/delivery/rsid/144981/product/chivas-regal-extra-blended-scotch-whisky-700ml-bottle-id-199927,$67.00,2026-10-02T11:54:48.491526+00:00,Chivas Regal Extra is an exceptionally rich and generous Chivas Regal blend crafted using a higher proportion of whiskies matured in sherry casks to deliver richer and more intense flavours incorporating a selection of our rare malt whiskies. Alcohol Volume: 40.00% Pack Format: Bottle Standard Drinks: 22.1 Pack Type: Bottle Country of Origin: Scotland,ml,700.0
Dewar's 12 Year Old Blended Scotch Whisky 700mL Bottle,856388,"{""default"": ""https://cdn.metcash.media/image/upload/w_1500,h_1500,c_pad,b_auto/alm-online/images/856388.jpg"", ""cell"": ""https://cdn.metcash.media/image/upload/w_1500,h_1500,c_pad,b_auto/alm-online/images/856388.jpg"", ""details"": ""https://cdn.metcash.media/image/upload/w_1500,h_1500,c_pad,b_auto/alm-online/images/856388.jpg"", ""zoom"": ""https://cdn.metcash.media/image/upload/w_1500,h_1500,c_pad,b_auto/alm-online/images/856388.jpg"", ""template"": ""https://cdn.metcash.media/image/upload/w_1500,h_1500,c_pad,b_auto/alm-online/images/856388.jpg""}",https://www.cellarbrations.com.au/sm/delivery/rsid/144981/product/dewar-s-12-year-old-blended-scotch-whisky-700ml-bottle-id-856388,$69.99,2026-10-02T11:54:49.196817+00:00,A direct descendant of the signature Blended Scotch Whisky introduced over a century ago. This whisky was created by our previous Master Blender Tom Aitken to introduce the first permanent product to our premium Blended Scotch Whisky range Alcohol Volume: 40.00% Pack Format: Bottle Standard Drinks: 22 Pack Type: Bottle Country of Origin: Scotland,ml,700.0
Dewar's White Label Blended Scotch Whisky 40% 700mL Bottle,566844,"{""default"": ""https://cdn.metcash.media/image/upload/w_1500,h_1500,c_pad,b_auto/alm-online/images/566844.jpg"", ""cell"": ""https://cdn.metcash.media/image/upload/w_1500,h_1500,c_pad,b_auto/alm-online/images/566844.jpg"", ""details"": ""https://cdn.metcash.media/image/upload/w_1500,h_1500,c_pad,b_auto/alm-online/images/566844.jpg"", ""zoom"": ""https://cdn.metcash.media/image/upload/w_1500,h_1500,c_pad,b_auto/alm-online/images/566844.jpg"", ""template"": ""https://cdn.metcash.media/image/upload/w_1500,h_1500,c_pad,b_auto/alm-online/images/566844.jpg""}",https://www.cellarbrations.com.au/sm/delivery/rsid/144981/product/dewar-s-white-label-blended-scotch-whisky-40-700ml-bottle-id-566844,$64.00,2026-10-02T11:54:49.756772+00:00,"In 1899, a year after production commenced at Dewar’s new distillery, Aberfeldy, A.J. Cameron created the now-iconic Dewar’s White Label. Over the next 120 years our flagship blend established itself as one of the leading blended Scotch whiskies worldwide. Did you know that Dewar’s White Label is the whisky of choice for highballs by the bartenders of Japan for unique smoothness and refreshing taste? This makes it the perfect accompaniment to food. Alcohol Volume: 40.00% Pack Format: Bottle Standard Drinks: 22 Pack Type: Bottle Country of Origin: Scotland",ml,700.0
Dimple 12 Year Old Blended Scotch Whisky 700mL Bottle,990124,"{""default"": ""https://cdn.metcash.media/image/upload/w_1500,h_1500,c_pad,b_auto/alm-online/images/990124.jpg"", ""cell"": ""https://cdn.metcash.media/image/upload/w_1500,h_1500,c_pad,b_auto/alm-online/images/990124.jpg"", ""details"": ""https://cdn.metcash.media/image/upload/w_1500,h_1500,c_pad,b_auto/alm-online/images/990124.jpg"", ""zoom"": ""https://cdn.metcash.media/image/upload/w_1500,h_1500,c_pad,b_auto/alm-online/images/990124.jpg"", ""template"": ""https://cdn.metcash.media/image/upload/w_1500,h_1500,c_pad,b_auto/alm-online/images/990124.jpg""}",https://www.cellarbrations.com.au/sm/delivery/rsid/144981/product/dimple-12-year-old-blended-scotch-whisky-700ml-bottle-id-990124,$73.00,2026-10-02T11:54:50.323129+00:00,12 Year Old Blended Scotch Whisky 700mL Alcohol Volume: 40.00% Pack Format: Bottle Standard Drinks: 22 Pack Type: Bottle Country of Origin: Scotland,ml,700.0
Dimple 15 Year Old Scotch Whisky 700mL Bottle,587696,"{""default"": ""https://cdn.metcash.media/image/upload/w_1500,h_1500,c_pad,b_auto/alm-online/images/587696.jpg"", ""cell"": ""https://cdn.metcash.media/image/upload/w_1500,h_1500,c_pad,b_auto/alm-online/images/587696.jpg"", ""details"": ""https://cdn.metcash.media/image/upload/w_1500,h_1500,c_pad,b_auto/alm-online/images/587696.jpg"", ""zoom"": ""https://cdn.metcash.media/image/upload/w_1500,h_1500,c_pad,b_auto/alm-online/images/587696.jpg"", ""template"": ""https://cdn.metcash.media/image/upload/w_1500,h_1500,c_pad,b_auto/alm-online/images/587696.jpg""}",https://www.cellarbrations.com.au/sm/delivery/rsid/144981/product/dimple-15-year-old-scotch-whisky-700ml-bottle-id-587696,$68.00,2026-10-02T11:54:50.937442+00:00,"Flavoursome, light and smooth, Dimple 15 year old Scotch Whisky is an elegant Scotch. For the distinguished Scotch drinker, it is delicate on the palate with a hint of dark chocolate. Best served on the rocks or with a dash of water. Alcohol Volume: 40.00% Pack Format: Bottle Standard Drinks: 22 Pack Type: Bottle Country of Origin: Scotland",ml,700.0
Glenfiddich 12 Year Old Single Malt Scotch Whisky 700mL ,85775,"{""default"": ""https://cdn.metcash.media/image/upload/w_1500,h_1500,c_pad,b_auto/alm-online/images/85775.jpg"", ""cell"": ""https://cdn.metcash.media/image/upload/w_1500,h_1500,c_pad,b_auto/alm-online/images/85775.jpg"", ""details"": ""https://cdn.metcash.media/image/upload/w_1500,h_1500,c_pad,b_auto/alm-online/images/85775.jpg"", ""zoom"": ""https://cdn.metcash.media/image/upload/w_1500,h_1500,c_pad,b_auto/alm-online/images/85775.jpg"", ""template"": ""https://cdn.metcash.media/image/upload/w_1500,h_1500,c_pad,b_auto/alm-online/images/85775.jpg""}",https://www.cellarbrations.com.au/sm/delivery/rsid/144981/product/glenfiddich-12-year-old-single-malt-scotch-whisky-700ml-id-85775,$90.00,2026-10-02T11:54:51.532375+00:00,"The Glenfiddich 12 Year Old bears all the hallmarks of our Speyside signature style, one that has made us the world's most awarded single malt. Alcohol Volume: 40.0% Pack Format: Bottle Standard Drinks: 22 Pack Type: Bottle Country of Origin: Scotland",ml,700.0
Glenfiddich Single Malt Scotch Whisky Grand Cru 23 Year Old 700mL Bottle,221973,"{""default"": ""https://cdn.metcash.media/image/upload/w_1500,h_1500,c_pad,b_auto/alm-online/images/221973.jpg"", ""cell"": ""https://cdn.metcash.media/image/upload/w_1500,h_1500,c_pad,b_auto/alm-online/images/221973.jpg"", ""details"": ""https://cdn.metcash.media/image/upload/w_1500,h_1500,c_pad,b_auto/alm-online/images/221973.jpg"", ""zoom"": ""https://cdn.metcash.media/image/upload/w_1500,h_1500,c_pad,b_auto/alm-online/images/221973.jpg"", ""template"": ""https://cdn.metcash.media/image/upload/w_1500,h_1500,c_pad,b_auto/alm-online/images/221973.jpg""}",https://www.cellarbrations.com.au/sm/delivery/rsid/144981/product/glenfiddich-single-malt-scotch-whisky-grand-cru-23-year-old-700ml-bottle-id-221973,$520.00,2026-10-02T11:54:52.167919+00:00,"This remarkably rich whisky, already intense in flavour thanks to long maturation in American and European oak cask, is finely finessed with influences from French cuvée casks. This is the only Glenfiddich Single Malt to undergo this exceptional finishing. Alcohol Volume: 40.00% Pack Format: Bottle Standard Drinks: 22 Pack Type: Bottle Country of Origin: Scotland",ml,700.0
Glenmorangie Original Single Malt Scotch Whisky 700mL Bottle,650130,"{""default"": ""https://cdn.metcash.media/image/upload/w_1500,h_1500,c_pad,b_auto/alm-online/images/650130.jpg"", ""cell"": ""https://cdn.metcash.media/image/upload/w_1500,h_1500,c_pad,b_auto/alm-online/images/650130.jpg"", ""details"": ""https://cdn.metcash.media/image/upload/w_1500,h_1500,c_pad,b_auto/alm-online/images/650130.jpg"", ""zoom"": ""https://cdn.metcash.media/image/upload/w_1500,h_1500,c_pad,b_auto/alm-online/images/650130.jpg"", ""template"": ""https://cdn.metcash.media/image/upload/w_1500,h_1500,c_pad,b_auto/alm-online/images/650130.jpg""}",https://www.cellarbrations.com.au/sm/delivery/rsid/144981/product/glenmorangie-original-single-malt-scotch-whisky-700ml-bottle-id-650130,$80.00,2026-10-02T11:54:52.780701+00:00,"A smooth whisky which welcomes you with a rush of citrus, then holds your attention with layers of luscious flavour, from orange to honey and creamy vanilla, with bursts of peach. We are constantly embarking on new sensory journeys, yet we always come home to Original. Alcohol Volume: 40.0% Pack Format: Bottle Standard Drinks: 22 Pack Type: Bottle Country of Origin: Scotland",ml,700.0
Glenshiel Blended Scotch Whisky 700mL Bottle,647250,"{""default"": ""https://cdn.metcash.media/image/upload/w_1500,h_1500,c_pad,b_auto/alm-online/images/647250.jpg"", ""cell"": ""https://cdn.metcash.media/image/upload/w_1500,h_1500,c_pad,b_auto/alm-online/images/647250.jpg"", ""details"": ""https://cdn.metcash.media/image/upload/w_1500,h_1500,c_pad,b_auto/alm-online/images/647250.jpg"", ""zoom"": ""https://cdn.metcash.media/image/upload/w_1500,h_1500,c_pad,b_auto/alm-online/images/647250.jpg"", ""template"": ""https://cdn.metcash.media/image/upload/w_1500,h_1500,c_pad,b_auto/alm-online/images/647250.jpg""}",https://www.cellarbrations.com.au/sm/delivery/rsid/144981/product/glenshiel-blended-scotch-whisky-700ml-bottle-id-647250,$54.00,2026-10-02T11:54:53.585651+00:00,"Perfectly blended, Glenshiel is one of Scotland’s finest whiskys. Deliciously smooth, it is a versatile spirit that can be enjoyed on the rocks or in a cocktail. Alcohol Volume: 40.00% Pack Format: Bottle Standard Drinks: 22 Pack Type: Bottle Country of Origin: Scotland",ml,700.0
Glenshiel Single Malt Scotch Whisky 700mL Bottle,279604,"{""default"": ""https://cdn.metcash.media/image/upload/w_1500,h_1500,c_pad,b_auto/alm-online/images/279604.jpg"", ""cell"": ""https://cdn.metcash.media/image/upload/w_1500,h_1500,c_pad,b_auto/alm-online/images/279604.jpg"", ""details"": ""https://cdn.metcash.media/image/upload/w_1500,h_1500,c_pad,b_auto/alm-online/images/279604.jpg"", ""zoom"": ""https://cdn.metcash.media/image/upload/w_1500,h_1500,c_pad,b_auto/alm-online/images/279604.jpg"", ""template"": ""https://cdn.metcash.media/image/upload/w_1500,h_1500,c_pad,b_auto/alm-online/images/279604.jpg""}",https://www.cellarbrations.com.au/sm/delivery/rsid/144981/product/glenshiel-single-malt-scotch-whisky-700ml-bottle-id-279604,$47.00,2026-10-02T11:54:54.214262+00:00,Glenshiel Single Malt 700mL Bottle Alcohol Volume: 40.0% Pack Format: Bottle Standard Drinks: 22.1 Pack Type: Bottle Country of Origin: Scotland,ml,700.0
Gospel Straight Rye Whiskey 700mL Bottle,846579,"{""default"": ""https://cdn.metcash.media/image/upload/w_1500,h_1500,c_pad,b_auto/alm-online/images/846579.jpg"", ""cell"": ""https://cdn.metcash.media/image/upload/w_1500,h_1500,c_pad,b_auto/alm-online/images/846579.jpg"", ""details"": ""https://cdn.metcash.media/image/upload/w_1500,h_1500,c_pad,b_auto/alm-online/images/846579.jpg"", ""zoom"": ""https://cdn.metcash.media/image/upload/w_1500,h_1500,c_pad,b_auto/alm-online/images/846579.jpg"", ""template"": ""https://cdn.metcash.media/image/upload/w_1500,h_1500,c_pad,b_auto/alm-online/images/846579.jpg""}",https://www.cellarbrations.com.au/sm/delivery/rsid/144981/product/gospel-straight-rye-whiskey-700ml-bottle-id-846579,$94.99,2026-10-02T11:54:54.829160+00:00,"Set in the backstreets of Melbourne’s eclectic Brunswick neighbourhood, Ben Bowles and Andrew Fitzgerald designed and built a rye whiskey distillery big enough to match their dreams, but small enough to remain hands-on where it matters. With the help of family and friends, the distillery was built over an 18-month period. It features a six-metre-high continuous column still, designed and built in-house, as well as a bespoke copper pot still. Alcohol Volume: 45% Pack Format: Bottle Standard Drinks: 24.9 Pack Type: Bottle Country of Origin: Australia",ml,700.0
Grant's Scotch Whisky 700mL Bottle,566886,"{""default"": ""https://cdn.metcash.media/image/upload/w_1500,h_1500,c_pad,b_auto/alm-online/images/566886.jpg"", ""cell"": ""https://cdn.metcash.media/image/upload/w_1500,h_1500,c_pad,b_auto/alm-online/images/566886.jpg"", ""details"": ""https://cdn.metcash.media/image/upload/w_1500,h_1500,c_pad,b_auto/alm-online/images/566886.jpg"", ""zoom"": ""https://cdn.metcash.media/image/upload/w_1500,h_1500,c_pad,b_auto/alm-online/images/566886.jpg"", ""template"": ""https://cdn.metcash.media/image/upload/w_1500,h_1500,c_pad,b_auto/alm-online/images/566886.jpg""}",https://www.cellarbrations.com.au/sm/delivery/rsid/144981/product/grant-s-scotch-whisky-700ml-bottle-id-566886,$56.00,2026-10-02T11:54:55.444388+00:00,"Aged in three different types of wood, the award-winning Grant’s Triple Wood Blended Scotch whisky has a smooth, rich and mellow taste. The three key ingredients, Scottish water, air and barley, are combined in American Oak, Virgin Oak and Bourbon Refill casks to lend the blended spirit its complex character. Alcohol Volume: 40.0% Pack Format: Bottle Standard Drinks: 22 Pack Type: Bottle Country of Origin: Scotland",ml,700.0
Hibiki Harmony Japanese Whisky 700mL Bottle,674715,"{""default"": ""https://cdn.metcash.media/image/upload/w_1500,h_1500,c_pad,b_auto/alm-online/images/674715.jpg"", ""cell"": ""https://cdn.metcash.media/image/upload/w_1500,h_1500,c_pad,b_auto/alm-online/images/674715.jpg"", ""details"": ""https://cdn.metcash.media/image/upload/w_1500,h_1500,c_pad,b_auto/alm-online/images/674715.jpg"", ""zoom"": ""https://cdn.metcash.media/image/upload/w_1500,h_1500,c_pad,b_auto/alm-online/images/674715.jpg"", ""template"": ""https://cdn.metcash.media/image/upload/w_1500,h_1500,c_pad,b_auto/alm-online/images/674715.jpg""}",https://www.cellarbrations.com.au/sm/delivery/rsid/144981/product/hibiki-harmony-japanese-whisky-700ml-bottle-id-674715,$190.00,2026-10-02T11:54:55.986918+00:00,"Hibiki, meaning resonance in Japanese, speaks to the soul and emotions of the most discerning whisky lover. Hibiki Harmony has a rich aroma and has a harmonious flavour. Alcohol Volume: 43.00% Pack Format: Bottle Standard Drinks: 23.7 Pack Type: Bottle Country of Origin: Japan",ml,700.0
Jameson Irish Whiskey 1L Bottle,590314,"{""default"": ""https://cdn.metcash.media/image/upload/w_1500,h_1500,c_pad,b_auto/alm-online/images/590314.jpg"", ""cell"": ""https://cdn.metcash.media/image/upload/w_1500,h_1500,c_pad,b_auto/alm-online/images/590314.jpg"", ""details"": ""https://cdn.metcash.media/image/upload/w_1500,h_1500,c_pad,b_auto/alm-online/images/590314.jpg"", ""zoom"": ""https://cdn.metcash.media/image/upload/w_1500,h_1500,c_pad,b_auto/alm-online/images/590314.jpg"", ""template"": ""https://cdn.metcash.media/image/upload/w_1500,h_1500,c_pad,b_auto/alm-online/images/590314.jpg""}",https://www.cellarbrations.com.au/sm/delivery/rsid/144981/product/jameson-irish-whiskey-1l-bottle-id-590314,$84.00,2026-10-02T11:54:56.569520+00:00,"Jameson is a single distillery Irish whiskey based in Dublin. Produced using unmalted grain, Jameson's has a light and delicate flavour and a wonderfully smooth texture. Alcohol Volume: 40.00% Pack Format: Bottle Standard Drinks: 32 Pack Type: Bottle Country of Origin: Ireland",l,1.0
Jameson Irish Whiskey 700mL Bottle,558299,"{""default"": ""https://cdn.metcash.media/image/upload/w_1500,h_1500,c_pad,b_auto/alm-online/images/558299.jpg"", ""cell"": ""https://cdn.metcash.media/image/upload/w_1500,h_1500,c_pad,b_auto/alm-online/images/558299.jpg"", ""details"": ""https://cdn.metcash.media/image/upload/w_1500,h_1500,c_pad,b_auto/alm-online/images/558299.jpg"", ""zoom"": ""https://cdn.metcash.media/image/upload/w_1500,h_1500,c_pad,b_auto/alm-online/images/558299.jpg"", ""template"": ""https://cdn.metcash.media/image/upload/w_1500,h_1500,c_pad,b_auto/alm-online/images/558299.jpg""}",https://www.cellarbrations.com.au/sm/delivery/rsid/144981/product/jameson-irish-whiskey-700ml-bottle-id-558299,$58.00,2026-10-02T11:54:57.102400+00:00,"The largest selling Irish whiskey in the world today, Jameson has been around since 1780. Produced using unmalted grain and matured in bourbon and oloroso sherry casks for between 4 and 7 years. Jameson has a light and delicate flavour and a wonderfully smooth texture. Alcohol Volume: 40.00% Pack Format: Bottle Standard Drinks: 22 Pack Type: Bottle Country of Origin: Ireland",ml,700.0
Johnnie Walker 18 Year Old Scotch Whisky 700mL Bottle,911248,"{""default"": ""https://cdn.metcash.media/image/upload/w_1500,h_1500,c_pad,b_auto/alm-online/images/911248.jpg"", ""cell"": ""https://cdn.metcash.media/image/upload/w_1500,h_1500,c_pad,b_auto/alm-online/images/911248.jpg"", ""details"": ""https://cdn.metcash.media/image/upload/w_1500,h_1500,c_pad,b_auto/alm-online/images/911248.jpg"", ""zoom"": ""https://cdn.metcash.media/image/upload/w_1500,h_1500,c_pad,b_auto/alm-online/images/911248.jpg"", ""template"": ""https://cdn.metcash.media/image/upload/w_1500,h_1500,c_pad,b_auto/alm-online/images/911248.jpg""}",https://www.cellarbrations.com.au/sm/delivery/rsid/144981/product/johnnie-walker-18-year-old-scotch-whisky-700ml-bottle-id-911248,$159.00,2026-10-02T11:54:57.684437+00:00,"Johnnie Walker Aged 18 Years is an indulgent blend of up to 18 different whiskies each chosen for their remarkable depth of flavour and character. The blend is rich in Malt Whiskies that have been matured in oak casks under carefully controlled conditions for 18 years which makes them exceptionally well rounded and supremely smooth. Rich flavours of stewed fruit, malty cereal, smooth creamy vanilla, fragrant almonds and tangerines give a fruity and sweet character balanced with a subtle smokiness. Alcohol Volume: 40.0% Pack Format: Bottle Standard Drinks: 22.1 Pack Type: Bottle Country of Origin: Scotland",ml,700.0
Johnnie Walker Black Label Scotch Whisky 1L Bottle,500005206,"{""default"": ""https://cdn.metcash.media/image/upload/w_1500,h_1500,c_pad,b_auto/alm-online/images/500005206.jpg"", ""cell"": ""https://cdn.metcash.media/image/upload/w_1500,h_1500,c_pad,b_auto/alm-online/images/500005206.jpg"", ""details"": ""https://cdn.metcash.media/image/upload/w_1500,h_1500,c_pad,b_auto/alm-online/images/500005206.jpg"", ""zoom"": ""https://cdn.metcash.media/image/upload/w_1500,h_1500,c_pad,b_auto/alm-online/images/500005206.jpg"", ""template"": ""https://cdn.metcash.media/image/upload/w_1500,h_1500,c_pad,b_auto/alm-online/images/500005206.jpg""}",https://www.cellarbrations.com.au/sm/delivery/rsid/144981/product/johnnie-walker-black-label-scotch-whisky-1l-bottle-id-500005206,$86.00,2026-10-02T11:54:58.252344+00:00,"Johnnie Walker Black Label is one of the worlds most popular premium whiskies. 'Johnnie Black' is aged for 12 years, which mellows the aromas and flavours of this iconic spirit quite magnificently. Smoother, more intense and a genuine pleasure to have in your glass; Johnnie's 'Black' makes a fantastic gift for anyone. Alcohol Volume: 40.00% Pack Format: Bottle Standard Drinks: 31.6 Pack Type: Bottle Country of Origin: Scotland",l,1.0
Johnnie Walker Black Label Scotch Whisky 700mL Bottle,14452,"{""default"": ""https://cdn.metcash.media/image/upload/w_1500,h_1500,c_pad,b_auto/alm-online/images/14452.jpg"", ""cell"": ""https://cdn.metcash.media/image/upload/w_1500,h_1500,c_pad,b_auto/alm-online/images/14452.jpg"", ""details"": ""https://cdn.metcash.media/image/upload/w_1500,h_1500,c_pad,b_auto/alm-online/images/14452.jpg"", ""zoom"": ""https://cdn.metcash.media/image/upload/w_1500,h_1500,c_pad,b_auto/alm-online/images/14452.jpg"", ""template"": ""https://cdn.metcash.media/image/upload/w_1500,h_1500,c_pad,b_auto/alm-online/images/14452.jpg""}",https://www.cellarbrations.com.au/sm/delivery/rsid/144981/product/johnnie-walker-black-label-scotch-whisky-700ml-bottle-id-14452,$68.00,2026-10-02T11:54:58.822297+00:00,"Johnnie Walker Black Label is a true icon, recognised as the benchmark for all other deluxe blends. Created using only whiskies aged for a minimum of 12 years from the four corners of Scotland, Johnnie Walker Black Label has an unmistakably smooth, deep, complex character. Alcohol Volume: 40.0% Pack Format: Bottle Standard Drinks: 22.1 Pack Type: Bottle Country of Origin: Scotland",ml,700.0
Johnnie Walker Double Black Scotch Whisky 700mL Bottle,542950,"{""default"": ""https://cdn.metcash.media/image/upload/w_1500,h_1500,c_pad,b_auto/alm-online/images/542950.jpg"", ""cell"": ""https://cdn.metcash.media/image/upload/w_1500,h_1500,c_pad,b_auto/alm-online/images/542950.jpg"", ""details"": ""https://cdn.metcash.media/image/upload/w_1500,h_1500,c_pad,b_auto/alm-online/images/542950.jpg"", ""zoom"": ""https://cdn.metcash.media/image/upload/w_1500,h_1500,c_pad,b_auto/alm-online/images/542950.jpg"", ""template"": ""https://cdn.metcash.media/image/upload/w_1500,h_1500,c_pad,b_auto/alm-online/images/542950.jpg""}",https://www.cellarbrations.com.au/sm/delivery/rsid/144981/product/johnnie-walker-double-black-scotch-whisky-700ml-bottle-id-542950,$70.00,2026-10-02T11:54:59.367419+00:00,"Johnnie Walker Double Black is inspired by the iconic flavours of Johnnie Walker Black Label and turns them up to create a blend of unprecedented intensity. Strongly influenced by powerful West Coast and Island whiskies, Johnnie Walker Double Black is best enjoyed with water to unlock its complex layers of smouldering spice and smoke. An impressive blend to share, whatever the occasion. Alcohol Volume: 40.00% Pack Format: Bottle Standard Drinks: 22 Pack Type: Bottle Country of Origin: Scotland",ml,700.0
Johnnie Walker Gold Scotch Whisky 700mL Bottle,994607,"{""default"": ""https://cdn.metcash.media/image/upload/w_1500,h_1500,c_pad,b_auto/alm-online/images/994607.jpg"", ""cell"": ""https://cdn.metcash.media/image/upload/w_1500,h_1500,c_pad,b_auto/alm-online/images/994607.jpg"", ""details"": ""https://cdn.metcash.media/image/upload/w_1500,h_1500,c_pad,b_auto/alm-online/images/994607.jpg"", ""zoom"": ""https://cdn.metcash.media/image/upload/w_1500,h_1500,c_pad,b_auto/alm-online/images/994607.jpg"", ""template"": ""https://cdn.metcash.media/image/upload/w_1500,h_1500,c_pad,b_auto/alm-online/images/994607.jpg""}",https://www.cellarbrations.com.au/sm/delivery/rsid/144981/product/johnnie-walker-gold-scotch-whisky-700ml-bottle-id-994607,$99.99,2026-10-02T11:55:02.651320+00:00,"Showing flavours of maple syrup, spices and malt on the nose. Luxurious, creamy and honeyed with whispers of smoke and oakiness to finish. Alcohol Volume: 40.00% Pack Format: Bottle Standard Drinks: 22 Pack Type: Bottle Country of Origin: Scotland",ml,700.0
Johnnie Walker Green Label Blended Malt Scotch Whisky 700mL Bottle,354996,"{""default"": ""https://cdn.metcash.media/image/upload/w_1500,h_1500,c_pad,b_auto/alm-online/images/354996.jpg"", ""cell"": ""https://cdn.metcash.media/image/upload/w_1500,h_1500,c_pad,b_auto/alm-online/images/354996.jpg"", ""details"": ""https://cdn.metcash.media/image/upload/w_1500,h_1500,c_pad,b_auto/alm-online/images/354996.jpg"", ""zoom"": ""https://cdn.metcash.media/image/upload/w_1500,h_1500,c_pad,b_auto/alm-online/images/354996.jpg"", ""template"": ""https://cdn.metcash.media/image/upload/w_1500,h_1500,c_pad,b_auto/alm-online/images/354996.jpg""}",https://www.cellarbrations.com.au/sm/delivery/rsid/144981/product/johnnie-walker-green-label-blended-malt-scotch-whisky-700ml-bottle-id-354996,$99.00,2026-10-02T11:55:03.227761+00:00,"Johnnie Walker Green Label Scotch is a blend of entirely Single Malts and has aromas of smoky vanilla oak, pepper, fresh cut grass and sandalwood on the nose. Rich mouthfeel with a delicate earthiness are balanced through to a lingering malty aftertaste. Sophisticated and full of finesse. Great to enjoy neat or on the rocks. Alcohol Volume: 43.00% Pack Format: Bottle Standard Drinks: 24 Pack Type: Bottle Country of Origin: Scotland",ml,700.0
Johnnie Walker Red Label Blended Scotch Whisky 1L Bottle,995938,"{""default"": ""https://cdn.metcash.media/image/upload/w_1500,h_1500,c_pad,b_auto/alm-online/images/995938.jpg"", ""cell"": ""https://cdn.metcash.media/image/upload/w_1500,h_1500,c_pad,b_auto/alm-online/images/995938.jpg"", ""details"": ""https://cdn.metcash.media/image/upload/w_1500,h_1500,c_pad,b_auto/alm-online/images/995938.jpg"", ""zoom"": ""https://cdn.metcash.media/image/upload/w_1500,h_1500,c_pad,b_auto/alm-online/images/995938.jpg"", ""template"": ""https://cdn.metcash.media/image/upload/w_1500,h_1500,c_pad,b_auto/alm-online/images/995938.jpg""}",https://www.cellarbrations.com.au/sm/delivery/rsid/144981/product/johnnie-walker-red-label-blended-scotch-whisky-1l-bottle-id-995938,$76.00,2026-10-02T11:55:03.765153+00:00,"Johnnie Walker Red Label is our Pioneer Blend, the one that has introduced our whisky to the world. Highly versatile and with universal appeal, it has a bold, characterful flavour that shines through even when mixed. Johnnie Walker Red Label is now the best-selling Scotch Whisky around the globe. Perfect for parties and get-togethers, at home or going out. Enjoy with friends. Alcohol Volume: 40.00% Pack Format: Bottle Standard Drinks: 32 Pack Type: Bottle Country of Origin: Scotland",l,1.0
Johnnie Walker Red Label Scotch Whisky 375mL Bottle,995962,"{""default"": ""https://cdn.metcash.media/image/upload/w_1500,h_1500,c_pad,b_auto/alm-online/images/995962.jpg"", ""cell"": ""https://cdn.metcash.media/image/upload/w_1500,h_1500,c_pad,b_auto/alm-online/images/995962.jpg"", ""details"": ""https://cdn.metcash.media/image/upload/w_1500,h_1500,c_pad,b_auto/alm-online/images/995962.jpg"", ""zoom"": ""https://cdn.metcash.media/image/upload/w_1500,h_1500,c_pad,b_auto/alm-online/images/995962.jpg"", ""template"": ""https://cdn.metcash.media/image/upload/w_1500,h_1500,c_pad,b_auto/alm-online/images/995962.jpg""}",https://www.cellarbrations.com.au/sm/delivery/rsid/144981/product/johnnie-walker-red-label-scotch-whisky-375ml-bottle-id-995962,$33.00,2026-10-02T11:55:04.320203+00:00,"One of the most recognised brands of Whisky in the world, Johnnie is a silky smooth blended scotch. Drink it neat to enjoy its savoury flavours or blend it to taste with dry ginger ale. Alcohol Volume: 40.00% Pack Format: Bottle Standard Drinks: 12 Pack Type: Bottle Country of Origin: Scotland",ml,375.0
Johnnie Walker Red Label Scotch Whisky 700mL Bottle,566666,"{""default"": ""https://cdn.metcash.media/image/upload/w_1500,h_1500,c_pad,b_auto/alm-online/images/566666.jpg"", ""cell"": ""https://cdn.metcash.media/image/upload/w_1500,h_1500,c_pad,b_auto/alm-online/images/566666.jpg"", ""details"": ""https://cdn.metcash.media/image/upload/w_1500,h_1500,c_pad,b_auto/alm-online/images/566666.jpg"", ""zoom"": ""https://cdn.metcash.media/image/upload/w_1500,h_1500,c_pad,b_auto/alm-online/images/566666.jpg"", ""template"": ""https://cdn.metcash.media/image/upload/w_1500,h_1500,c_pad,b_auto/alm-online/images/566666.jpg""}",https://www.cellarbrations.com.au/sm/delivery/rsid/144981/product/johnnie-walker-red-label-scotch-whisky-700ml-bottle-id-566666,$52.00,2026-10-02T11:55:04.968730+00:00,"Johnnie Walker Red Label continues to be one of Australia's favourite Scotch whiskies. With a pedigree that dates back to 1820 when John Walker himself was bottling and selling whisky in his grocery store, it was his son, Alexander Walker, who began the legacy that has made Johnnie Walker the iconic name it is today. The Red Label was first introduced in 1909 and contains an expert blend of 35 grain and malt whiskies to produce a whisky ideally suited for mixing. In fact, it was known that Johnnie Walker Red was the favourite whisky of Winston Churchill who loved to blend it with soda. Alcohol Volume: 40.00% Pack Format: Bottle Standard Drinks: 22 Pack Type: Bottle Country of Origin: Scotland",ml,700.0
Lagavulin 8 Year Old Single Malt Scotch Whisky 48% 700mL Bottle,948538,"{""default"": ""https://cdn.metcash.media/image/upload/w_1500,h_1500,c_pad,b_auto/alm-online/images/948538.jpg"", ""cell"": ""https://cdn.metcash.media/image/upload/w_1500,h_1500,c_pad,b_auto/alm-online/images/948538.jpg"", ""details"": ""https://cdn.metcash.media/image/upload/w_1500,h_1500,c_pad,b_auto/alm-online/images/948538.jpg"", ""zoom"": ""https://cdn.metcash.media/image/upload/w_1500,h_1500,c_pad,b_auto/alm-online/images/948538.jpg"", ""template"": ""https://cdn.metcash.media/image/upload/w_1500,h_1500,c_pad,b_auto/alm-online/images/948538.jpg""}",https://www.cellarbrations.com.au/sm/delivery/rsid/144981/product/lagavulin-8-year-old-single-malt-scotch-whisky-48-700ml-bottle-id-948538,$109.99,2026-10-02T11:55:05.692053+00:00,"Lagavulin 8 Year Old is big and smoky, with sweet spice that becomes apparent with a drop of water. Inspired by the visit of Alfred Barnard to the distillery in the 1880's when he tried an 'exceptionally fine' eight-year-old from the distillery, this is a fitting tribute. Alcohol Volume: 48.00% Pack Format: Bottle Standard Drinks: 26.5 Pack Type: Bottle Country of Origin: Scotland",ml,700.0
Laphroaig 10 Year Old Single Malt Scotch Whisky 700mL Bottle,578613,"{""default"": ""https://cdn.metcash.media/image/upload/w_1500,h_1500,c_pad,b_auto/alm-online/images/578613.jpg"", ""cell"": ""https://cdn.metcash.media/image/upload/w_1500,h_1500,c_pad,b_auto/alm-online/images/578613.jpg"", ""details"": ""https://cdn.metcash.media/image/upload/w_1500,h_1500,c_pad,b_auto/alm-online/images/578613.jpg"", ""zoom"": ""https://cdn.metcash.media/image/upload/w_1500,h_1500,c_pad,b_auto/alm-online/images/578613.jpg"", ""template"": ""https://cdn.metcash.media/image/upload/w_1500,h_1500,c_pad,b_auto/alm-online/images/578613.jpg""}",https://www.cellarbrations.com.au/sm/delivery/rsid/144981/product/laphroaig-10-year-old-single-malt-scotch-whisky-700ml-bottle-id-578613,$100.00,2026-10-02T11:55:06.400237+00:00,"Laphroaig, founded in 1815 by brothers Donald and Alexander Johnston, has an extremely rich history; neighbourly disputes with Lagavulin and many ownership changes to name a couple. The 10 Year Old Single Malt is Laphroaig's signature malt that is full sparkling gold in colour and has that signature rich smoke and seaweed character with a hint of sweetness. Surprisingly the palate is rich with subtle sweet hints and complex layers of salt and peatiness that evolve on the palate and continue to the long and dry finish. Alcohol Volume: 40.00% Pack Format: Bottle Standard Drinks: 22 Pack Type: Bottle Country of Origin: Scotland",ml,700.0
Monkey Shoulder Blended Malt Scotch Whisky 700mL Bottle,533286,"{""default"": ""https://cdn.metcash.media/image/upload/w_1500,h_1500,c_pad,b_auto/alm-online/images/533286.jpg"", ""cell"": ""https://cdn.metcash.media/image/upload/w_1500,h_1500,c_pad,b_auto/alm-online/images/533286.jpg"", ""details"": ""https://cdn.metcash.media/image/upload/w_1500,h_1500,c_pad,b_auto/alm-online/images/533286.jpg"", ""zoom"": ""https://cdn.metcash.media/image/upload/w_1500,h_1500,c_pad,b_auto/alm-online/images/533286.jpg"", ""template"": ""https://cdn.metcash.media/image/upload/w_1500,h_1500,c_pad,b_auto/alm-online/images/533286.jpg""}",https://www.cellarbrations.com.au/sm/delivery/rsid/144981/product/monkey-shoulder-blended-malt-scotch-whisky-700ml-bottle-id-533286,$68.00,2026-10-02T11:55:07.014391+00:00,"Monkey Shoulder is a premium Scotch Whisky that is steeped in history and culture and to this day is still tended by hand by the experienced Malt Men of Speyside. A smooth and rich 'triple' malt Scotch (a world first!) that has been blended from three of Speyside's finest single malts and using batches from only 27 casks to produce this fine malt whisky. A delightful nose of sherry, cinnamon baked pear, butterscotch, barley, strawberry and Bourbon vanilla which are all complemented by tangy, sweet nut, citrus, mint, oak and orange peel flavours. Alcohol Volume: 40.00% Pack Format: Bottle Standard Drinks: 22 Pack Type: Bottle Country of Origin: Scotland",ml,700.0
Morris Muscat Barrel Whisky 46% 700mL Bottle,279578,"{""default"": ""https://cdn.metcash.media/image/upload/w_1500,h_1500,c_pad,b_auto/alm-online/images/279578.jpg"", ""cell"": ""https://cdn.metcash.media/image/upload/w_1500,h_1500,c_pad,b_auto/alm-online/images/279578.jpg"", ""details"": ""https://cdn.metcash.media/image/upload/w_1500,h_1500,c_pad,b_auto/alm-online/images/279578.jpg"", ""zoom"": ""https://cdn.metcash.media/image/upload/w_1500,h_1500,c_pad,b_auto/alm-online/images/279578.jpg"", ""template"": ""https://cdn.metcash.media/image/upload/w_1500,h_1500,c_pad,b_auto/alm-online/images/279578.jpg""}",https://www.cellarbrations.com.au/sm/delivery/rsid/144981/product/morris-muscat-barrel-whisky-46-700ml-bottle-id-279578,$126.99,2026-10-02T11:55:07.659208+00:00,"Creamy mouthfeel packed full of rich dark fruits and sweet malt notes, which give way to sweet vanilla and cocoa interspersed with cinnamon spice. Finished in rare Morris Muscat barrels, previously used to create multi-award winning Muscat. No colouring is added. Alcohol Volume: 46% Pack Format: Bottle Standard Drinks: 25.4 Pack Type: Bottle Country of Origin: Australia",ml,700.0
Morris Signature Single Malt Australian Whisky 40% 700mL Bottle,279594,"{""default"": ""https://cdn.metcash.media/image/upload/w_1500,h_1500,c_pad,b_auto/alm-online/images/279594.jpg"", ""cell"": ""https://cdn.metcash.media/image/upload/w_1500,h_1500,c_pad,b_auto/alm-online/images/279594.jpg"", ""details"": ""https://cdn.metcash.media/image/upload/w_1500,h_1500,c_pad,b_auto/alm-online/images/279594.jpg"", ""zoom"": ""https://cdn.metcash.media/image/upload/w_1500,h_1500,c_pad,b_auto/alm-online/images/279594.jpg"", ""template"": ""https://cdn.metcash.media/image/upload/w_1500,h_1500,c_pad,b_auto/alm-online/images/279594.jpg""}",https://www.cellarbrations.com.au/sm/delivery/rsid/144981/product/morris-signature-single-malt-australian-whisky-40-700ml-bottle-id-279594,$86.99,2026-10-02T11:55:08.243145+00:00,"Shows bright topaz hues on appearance which open a door to orchard fruit profiles, macerated black cherry and biscuit notes balancing the zest of marmalade, lingering cocoa and dark berry flavours. No colouring is added. Alcohol Volume: 40% Pack Format: Bottle Standard Drinks: 22.1 Pack Type: Bottle Country of Origin: Australia",ml,700.0
Proper No. Twelve Irish Whiskey 700mL Bottle,493774,"{""default"": ""https://cdn.metcash.media/image/upload/w_1500,h_1500,c_pad,b_auto/alm-online/images/493774.jpg"", ""cell"": ""https://cdn.metcash.media/image/upload/w_1500,h_1500,c_pad,b_auto/alm-online/images/493774.jpg"", ""details"": ""https://cdn.metcash.media/image/upload/w_1500,h_1500,c_pad,b_auto/alm-online/images/493774.jpg"", ""zoom"": ""https://cdn.metcash.media/image/upload/w_1500,h_1500,c_pad,b_auto/alm-online/images/493774.jpg"", ""template"": ""https://cdn.metcash.media/image/upload/w_1500,h_1500,c_pad,b_auto/alm-online/images/493774.jpg""}",https://www.cellarbrations.com.au/sm/delivery/rsid/144981/product/proper-no-twelve-irish-whiskey-700ml-bottle-id-493774,$60.00,2026-10-02T11:55:08.788539+00:00,"Through much trial and error, painstaking measures were taken to bring the whiskey to fruition, creating close to one hundred blends before ultimately selecting the one and only proper whiskey. Made from grain and malted barley and produced in the world’s oldest whiskey distillery on the isle of Ireland and with his master distiller created a unique and special blend. Alcohol Volume: 40.00% Pack Format: Bottle Standard Drinks: 22 Pack Type: Bottle Country of Origin: Ireland",ml,700.0
Redbreast 12 Year Old Irish Whiskey 700mL Bottle,584541,"{""default"": ""https://cdn.metcash.media/image/upload/w_1500,h_1500,c_pad,b_auto/alm-online/images/584541.jpg"", ""cell"": ""https://cdn.metcash.media/image/upload/w_1500,h_1500,c_pad,b_auto/alm-online/images/584541.jpg"", ""details"": ""https://cdn.metcash.media/image/upload/w_1500,h_1500,c_pad,b_auto/alm-online/images/584541.jpg"", ""zoom"": ""https://cdn.metcash.media/image/upload/w_1500,h_1500,c_pad,b_auto/alm-online/images/584541.jpg"", ""template"": ""https://cdn.metcash.media/image/upload/w_1500,h_1500,c_pad,b_auto/alm-online/images/584541.jpg""}",https://www.cellarbrations.com.au/sm/delivery/rsid/144981/product/redbreast-12-year-old-irish-whiskey-700ml-bottle-id-584541,$131.99,2026-10-02T11:55:09.369509+00:00,"Redbreast 12 Year Old Irish Whiskey is the quintessential example of premium Irish Whiskey, and considered to be the purest form of the art. With a history dating back to 1903 when John Jameson & Company entered into an agreement with Gilbeys Wines & Spirits Import Company to supply new make whiskey which was then 'bonded' in old sherry and port casks. Single Pot Still whiskey is unique to Ireland and this exciting example is crafted from both malted and unmalted barley and then triple distilled in a traditional copper still. The result is a whiskey of unrivalled richness, complexity and smoothness. Hints of creaminess on the finish round out an true Irish Whiskey of pedigree. Alcohol Volume: 40.00% Pack Format: Bottle Standard Drinks: 22.1 Pack Type: Bottle Country of Origin: Ireland",ml,700.0
Seagram's VO Blended Canadian Whisky 700mL Bottle,898063,"{""default"": ""https://cdn.metcash.media/image/upload/w_1500,h_1500,c_pad,b_auto/alm-online/images/898063.jpg"", ""cell"": ""https://cdn.metcash.media/image/upload/w_1500,h_1500,c_pad,b_auto/alm-online/images/898063.jpg"", ""details"": ""https://cdn.metcash.media/image/upload/w_1500,h_1500,c_pad,b_auto/alm-online/images/898063.jpg"", ""zoom"": ""https://cdn.metcash.media/image/upload/w_1500,h_1500,c_pad,b_auto/alm-online/images/898063.jpg"", ""template"": ""https://cdn.metcash.media/image/upload/w_1500,h_1500,c_pad,b_auto/alm-online/images/898063.jpg""}",https://www.cellarbrations.com.au/sm/delivery/rsid/144981/product/seagram-s-vo-blended-canadian-whisky-700ml-bottle-id-898063,$45.00,2026-10-02T11:55:09.983701+00:00,This Canadian Whisky is smooth &amp; delicate with a long finish. Alcohol Volume: 37.00% Pack Format: Bottle Standard Drinks: 20.4 Pack Type: Bottle Country of Origin: Canada,ml,700.0
Slane Irish Whiskey 700mL Bottle,889200,"{""default"": ""https://cdn.metcash.media/image/upload/w_1500,h_1500,c_pad,b_auto/alm-online/images/889200.jpg"", ""cell"": ""https://cdn.metcash.media/image/upload/w_1500,h_1500,c_pad,b_auto/alm-online/images/889200.jpg"", ""details"": ""https://cdn.metcash.media/image/upload/w_1500,h_1500,c_pad,b_auto/alm-online/images/889200.jpg"", ""zoom"": ""https://cdn.metcash.media/image/upload/w_1500,h_1500,c_pad,b_auto/alm-online/images/889200.jpg"", ""template"": ""https://cdn.metcash.media/image/upload/w_1500,h_1500,c_pad,b_auto/alm-online/images/889200.jpg""}",https://www.cellarbrations.com.au/sm/delivery/rsid/144981/product/slane-irish-whiskey-700ml-bottle-id-889200,$58.99,2026-10-02T11:55:10.598644+00:00,Slane Irish Whiskey 700mL Alcohol Volume: 40.00% Pack Format: Bottle Standard Drinks: 22.1 Pack Type: Bottle Country of Origin: Ireland,ml,700.0
Starward NOVA Single Malt Australian Whisky 700mL Bottle,377766,"{""default"": ""https://cdn.metcash.media/image/upload/w_1500,h_1500,c_pad,b_auto/alm-online/images/377766.jpg"", ""cell"": ""https://cdn.metcash.media/image/upload/w_1500,h_1500,c_pad,b_auto/alm-online/images/377766.jpg"", ""details"": ""https://cdn.metcash.media/image/upload/w_1500,h_1500,c_pad,b_auto/alm-online/images/377766.jpg"", ""zoom"": ""https://cdn.metcash.media/image/upload/w_1500,h_1500,c_pad,b_auto/alm-online/images/377766.jpg"", ""template"": ""https://cdn.metcash.media/image/upload/w_1500,h_1500,c_pad,b_auto/alm-online/images/377766.jpg""}",https://www.cellarbrations.com.au/sm/delivery/rsid/144981/product/starward-nova-single-malt-australian-whisky-700ml-bottle-id-377766,$70.00,2026-10-02T11:55:11.136765+00:00,"Starward NOVA is uniquely Australian, crafted exclusively with local wine barrels for maturation resulting in a Whisky with balanced aromas of raisins, bananas and a touch of balsamic lead to clove, toffee and nougat. The palate is filled with red berries, hints of cinnamon and a variety of savoury and spice driven notes. A long, dry and tannic finish guides a strong linear reach through the palate, balancing a generous roundness and oiliness of the spirit. Alcohol Volume: 41.00% Pack Format: Bottle Standard Drinks: 22.6 Pack Type: Bottle Country of Origin: Australia",ml,700.0
Starward Two Fold Double Grain Australian Whisky 700mL Bottle,44868,"{""default"": ""https://cdn.metcash.media/image/upload/w_1500,h_1500,c_pad,b_auto/alm-online/images/44868.jpg"", ""cell"": ""https://cdn.metcash.media/image/upload/w_1500,h_1500,c_pad,b_auto/alm-online/images/44868.jpg"", ""details"": ""https://cdn.metcash.media/image/upload/w_1500,h_1500,c_pad,b_auto/alm-online/images/44868.jpg"", ""zoom"": ""https://cdn.metcash.media/image/upload/w_1500,h_1500,c_pad,b_auto/alm-online/images/44868.jpg"", ""template"": ""https://cdn.metcash.media/image/upload/w_1500,h_1500,c_pad,b_auto/alm-online/images/44868.jpg""}",https://www.cellarbrations.com.au/sm/delivery/rsid/144981/product/starward-two-fold-double-grain-australian-whisky-700ml-bottle-id-44868,$65.00,2026-10-02T11:55:11.676113+00:00,"Starward Two Fold Double Grain Australian Whisky 700mL is smooth as silk. Spiced vanilla, tropical fruits and cereal characters rounded with red apples and berries. Alcohol Volume: 40.00% Pack Format: Bottle Standard Drinks: 22 Pack Type: Bottle Country of Origin: Australia",ml,700.0
Talisker Single Malt Scotch Whisky 10 Year Old 700mL Bottle,576459,"{""default"": ""https://cdn.metcash.media/image/upload/w_1500,h_1500,c_pad,b_auto/alm-online/images/576459.jpg"", ""cell"": ""https://cdn.metcash.media/image/upload/w_1500,h_1500,c_pad,b_auto/alm-online/images/576459.jpg"", ""details"": ""https://cdn.metcash.media/image/upload/w_1500,h_1500,c_pad,b_auto/alm-online/images/576459.jpg"", ""zoom"": ""https://cdn.metcash.media/image/upload/w_1500,h_1500,c_pad,b_auto/alm-online/images/576459.jpg"", ""template"": ""https://cdn.metcash.media/image/upload/w_1500,h_1500,c_pad,b_auto/alm-online/images/576459.jpg""}",https://www.cellarbrations.com.au/sm/delivery/rsid/144981/product/talisker-single-malt-scotch-whisky-10-year-old-700ml-bottle-id-576459,$105.00,2026-10-02T11:55:12.196882+00:00,"TALISKER Single Malt Scotch Whisky has been “Made By the Sea” since 1830. In fact, few single malts tell the story of their origin better. Its smell and taste instantly connect the drinker with the rugged coastal environment. Every sip is a taste of the Isle of Skye itself – a powerhouse; challenging but adored, once discovered rarely left. Like a warm welcome from a wild sea. The intense character of TALISKER comes from fresh water drawn directly from underground springs next to the distillery, two very distinctive wash stills and wooden worm tub condensers which, along with its unusual ABV of 45.8%, help set Talisker apart from other malts. The classic stalwart of the Talisker family. The perfect companion for when the day is done, smooth, smoky with a comforting afterglow. Alcohol Volume: 45.8% Pack Format: Bottle Standard Drinks: 25 Pack Type: Bottle Country of Origin: Scotland",ml,700.0
The Famous Grouse Scotch Whisky 700mL Bottle,824331,"{""default"": ""https://cdn.metcash.media/image/upload/w_1500,h_1500,c_pad,b_auto/alm-online/images/824331.jpg"", ""cell"": ""https://cdn.metcash.media/image/upload/w_1500,h_1500,c_pad,b_auto/alm-online/images/824331.jpg"", ""details"": ""https://cdn.metcash.media/image/upload/w_1500,h_1500,c_pad,b_auto/alm-online/images/824331.jpg"", ""zoom"": ""https://cdn.metcash.media/image/upload/w_1500,h_1500,c_pad,b_auto/alm-online/images/824331.jpg"", ""template"": ""https://cdn.metcash.media/image/upload/w_1500,h_1500,c_pad,b_auto/alm-online/images/824331.jpg""}",https://www.cellarbrations.com.au/sm/delivery/rsid/144981/product/the-famous-grouse-scotch-whisky-700ml-bottle-id-824331,$49.99,2026-10-02T11:55:12.751994+00:00,"Scotland’s Favourite Whisky for over 40 years Superior taste. Our malt blend is rested longer for smoothness and filtered at a higher temperature for richness Unrivalled quality. Every cask is nosed prior to blending to ensure the highest quality and consistency batch to batch Unquestionable expertise. An uncompromising dedication to the mastery of the blend, and a unique investment in wood quality Alcohol Volume: 40.00% Pack Format: Bottle Standard Drinks: 22 Pack Type: Bottle Country of Origin: Scotland",ml,700.0
The Glenlivet 12 Year Old Single Malt Scotch Whisky 700mL Bottle,993855,"{""default"": ""https://cdn.metcash.media/image/upload/w_1500,h_1500,c_pad,b_auto/alm-online/images/993855.jpg"", ""cell"": ""https://cdn.metcash.media/image/upload/w_1500,h_1500,c_pad,b_auto/alm-online/images/993855.jpg"", ""details"": ""https://cdn.metcash.media/image/upload/w_1500,h_1500,c_pad,b_auto/alm-online/images/993855.jpg"", ""zoom"": ""https://cdn.metcash.media/image/upload/w_1500,h_1500,c_pad,b_auto/alm-online/images/993855.jpg"", ""template"": ""https://cdn.metcash.media/image/upload/w_1500,h_1500,c_pad,b_auto/alm-online/images/993855.jpg""}",https://www.cellarbrations.com.au/sm/delivery/rsid/144981/product/the-glenlivet-12-year-old-single-malt-scotch-whisky-700ml-bottle-id-993855,$86.00,2026-10-02T11:55:13.283030+00:00,"One of the worlds most recognised Scotch Whisky's, Glenlivet is a supremely elegant whisky of rewarding and subtle complexity. Smoke, clover honey and heather will have you coming back for more time and again. Alcohol Volume: 40.00% Pack Format: Bottle Standard Drinks: 22 Pack Type: Bottle Country of Origin: Scotland",ml,700.0
The Glenlivet 15 Year Old Scotch Whisky 700mL Bottle,983290,"{""default"": ""https://cdn.metcash.media/image/upload/w_1500,h_1500,c_pad,b_auto/alm-online/images/983290.jpg"", ""cell"": ""https://cdn.metcash.media/image/upload/w_1500,h_1500,c_pad,b_auto/alm-online/images/983290.jpg"", ""details"": ""https://cdn.metcash.media/image/upload/w_1500,h_1500,c_pad,b_auto/alm-online/images/983290.jpg"", ""zoom"": ""https://cdn.metcash.media/image/upload/w_1500,h_1500,c_pad,b_auto/alm-online/images/983290.jpg"", ""template"": ""https://cdn.metcash.media/image/upload/w_1500,h_1500,c_pad,b_auto/alm-online/images/983290.jpg""}",https://www.cellarbrations.com.au/sm/delivery/rsid/144981/product/the-glenlivet-15-year-old-scotch-whisky-700ml-bottle-id-983290,$149.99,2026-10-02T11:55:13.874836+00:00,"By using new French oak casks to finish this scotch, a fantastic vanilla and spice character is leeched into the whisky. This compliments the sweet malt and floral characters perfectly. Alcohol Volume: 40.00% Pack Format: Bottle Standard Drinks: 22 Pack Type: Bottle Country of Origin: Scotland",ml,700.0
The Glenlivet Founder's Reserve Single Malt Scotch Whisky 700mL Bottle,353071,"{""default"": ""https://cdn.metcash.media/image/upload/w_1500,h_1500,c_pad,b_auto/alm-online/images/353071.jpg"", ""cell"": ""https://cdn.metcash.media/image/upload/w_1500,h_1500,c_pad,b_auto/alm-online/images/353071.jpg"", ""details"": ""https://cdn.metcash.media/image/upload/w_1500,h_1500,c_pad,b_auto/alm-online/images/353071.jpg"", ""zoom"": ""https://cdn.metcash.media/image/upload/w_1500,h_1500,c_pad,b_auto/alm-online/images/353071.jpg"", ""template"": ""https://cdn.metcash.media/image/upload/w_1500,h_1500,c_pad,b_auto/alm-online/images/353071.jpg""}",https://www.cellarbrations.com.au/sm/delivery/rsid/144981/product/the-glenlivet-founder-s-reserve-single-malt-scotch-whisky-700ml-bottle-id-353071,$75.00,2026-10-02T11:55:14.489809+00:00,"The Glenlivet Founder's Reserve, skilful selection of casks enhances the signature fruity flavours of The Glenlivet with traditional oak casks being complemented by selective use of American first-fill casks to give a hint of creamy sweetness, creating an exceptionally well-balanced and smooth malt. Alcohol Volume: 40.00% Pack Format: Bottle Standard Drinks: 22.1 Pack Type: Bottle Country of Origin: Scotland",ml,700.0
The Macallan 12 Year Old Sherry Cask Single Malt Scotch Whisky 700mL Bottle,718064,"{""default"": ""https://cdn.metcash.media/image/upload/w_1500,h_1500,c_pad,b_auto/alm-online/images/718064.jpg"", ""cell"": ""https://cdn.metcash.media/image/upload/w_1500,h_1500,c_pad,b_auto/alm-online/images/718064.jpg"", ""details"": ""https://cdn.metcash.media/image/upload/w_1500,h_1500,c_pad,b_auto/alm-online/images/718064.jpg"", ""zoom"": ""https://cdn.metcash.media/image/upload/w_1500,h_1500,c_pad,b_auto/alm-online/images/718064.jpg"", ""template"": ""https://cdn.metcash.media/image/upload/w_1500,h_1500,c_pad,b_auto/alm-online/images/718064.jpg""}",https://www.cellarbrations.com.au/sm/delivery/rsid/144981/product/the-macallan-12-year-old-sherry-cask-single-malt-scotch-whisky-700ml-bottle-id-718064,$150.00,2026-10-02T11:55:15.103842+00:00,"The Macallan Sherry Oak 12 Year Old is matured exclusively in hand-picked sherry seasoned oak casks from Jerez, adding richness and complexity. A matured character, the 12 Years Old delivers rich wood spice and dried fruits and a natural rich gold colour. Alcohol Volume: 40.00% Pack Format: Bottle Standard Drinks: 22 Pack Type: Bottle Country of Origin: Scotland",ml,700.0
The Macallan 12 Year Old Single Malt Scotch Whisky 700mL Bottle,820620,"{""default"": ""https://cdn.metcash.media/image/upload/w_1500,h_1500,c_pad,b_auto/alm-online/images/820620.jpg"", ""cell"": ""https://cdn.metcash.media/image/upload/w_1500,h_1500,c_pad,b_auto/alm-online/images/820620.jpg"", ""details"": ""https://cdn.metcash.media/image/upload/w_1500,h_1500,c_pad,b_auto/alm-online/images/820620.jpg"", ""zoom"": ""https://cdn.metcash.media/image/upload/w_1500,h_1500,c_pad,b_auto/alm-online/images/820620.jpg"", ""template"": ""https://cdn.metcash.media/image/upload/w_1500,h_1500,c_pad,b_auto/alm-online/images/820620.jpg""}",https://www.cellarbrations.com.au/sm/delivery/rsid/144981/product/the-macallan-12-year-old-single-malt-scotch-whisky-700ml-bottle-id-820620,$140.00,2026-10-02T11:55:15.672321+00:00,"The Macallan Double Cask 12 Years Old forms part of our Double Cask range which marries the classic Macallan style and the unmistakable sweetness of American oak. This is a fully rounded single malt in perfect balance, with flavours of honey, citrus and ginger. IN COLLABORATION WITH STEVE MCCURRY Steve McCurry has been one of the most iconic voices in contemporary photography for more than 30 years, with scores of magazine and book covers, over a dozen books, and countless exhibitions around the world to his name. He followed our journey of The Macallan cask from its origins in the forests of America and Europe, through the cooperages and Bodegas of Spain, and to our distillery in Speyside, Scotland. There the casks meet our new make spirit and are patiently matured until they are harmoniously united to create a distinctive single malt with a sweeter, warmer taste and character. Alcohol Volume: 40.00% Pack Format: Bottle Standard Drinks: 22 Pack Type: Bottle Country of Origin: Scotland",ml,700.0
The Singleton Malt Master Single Malt Scotch Whisky 700mL Bottle,813966,"{""default"": ""https://cdn.metcash.media/image/upload/w_1500,h_1500,c_pad,b_auto/alm-online/images/813966.jpg"", ""cell"": ""https://cdn.metcash.media/image/upload/w_1500,h_1500,c_pad,b_auto/alm-online/images/813966.jpg"", ""details"": ""https://cdn.metcash.media/image/upload/w_1500,h_1500,c_pad,b_auto/alm-online/images/813966.jpg"", ""zoom"": ""https://cdn.metcash.media/image/upload/w_1500,h_1500,c_pad,b_auto/alm-online/images/813966.jpg"", ""template"": ""https://cdn.metcash.media/image/upload/w_1500,h_1500,c_pad,b_auto/alm-online/images/813966.jpg""}",https://www.cellarbrations.com.au/sm/delivery/rsid/144981/product/the-singleton-malt-master-single-malt-scotch-whisky-700ml-bottle-id-813966,$62.00,2026-10-02T11:55:16.210968+00:00,"Aged in barrels hand-selected by Craig Wilson, Master of Malt, and finished in three distinct barrel types: refill, sherry and bourbon, The Singleton of Dufftown Malt Master Selection is a pleasurable, easy drinking, and accessible single malt with a smooth texture and predominantly sweet taste. Enjoy it neat to experience the notes of rich fruit and vanilla or with a drop of water to unlock layers of flavour. Or with a soda for a refreshing and enjoyable long drink. Tasting Notes: Hints of honey and vanilla coupled with fresh pear on a faint base of wood ash. Enjoy it neat! Alcohol Volume: 40.00% Pack Format: Bottle Standard Drinks: 22 Pack Type: Bottle Country of Origin: Scotland",ml,700.0
Toki Japanese Whisky 700mL Bottle,607690,"{""default"": ""https://cdn.metcash.media/image/upload/w_1500,h_1500,c_pad,b_auto/alm-online/images/607690.jpg"", ""cell"": ""https://cdn.metcash.media/image/upload/w_1500,h_1500,c_pad,b_auto/alm-online/images/607690.jpg"", ""details"": ""https://cdn.metcash.media/image/upload/w_1500,h_1500,c_pad,b_auto/alm-online/images/607690.jpg"", ""zoom"": ""https://cdn.metcash.media/image/upload/w_1500,h_1500,c_pad,b_auto/alm-online/images/607690.jpg"", ""template"": ""https://cdn.metcash.media/image/upload/w_1500,h_1500,c_pad,b_auto/alm-online/images/607690.jpg""}",https://www.cellarbrations.com.au/sm/delivery/rsid/144981/product/toki-japanese-whisky-700ml-bottle-id-607690,$82.00,2026-10-02T11:55:16.748872+00:00,"Inspired by that interplay, Suntory Whisky Toki®&nbsp;brings together old and new -the House of Suntory's proud heritage and its innovative spirit- to create blended Japanese whisky that is both ground-breaking and timeless. Alcohol Volume: 43.00% Pack Format: Bottle Standard Drinks: 23.8 Pack Type: Bottle Country of Origin: Japan",ml,700.0
Tullamore DEW Irish Whiskey 700mL Bottle,754840,"{""default"": ""https://cdn.metcash.media/image/upload/w_1500,h_1500,c_pad,b_auto/alm-online/images/754840.jpg"", ""cell"": ""https://cdn.metcash.media/image/upload/w_1500,h_1500,c_pad,b_auto/alm-online/images/754840.jpg"", ""details"": ""https://cdn.metcash.media/image/upload/w_1500,h_1500,c_pad,b_auto/alm-online/images/754840.jpg"", ""zoom"": ""https://cdn.metcash.media/image/upload/w_1500,h_1500,c_pad,b_auto/alm-online/images/754840.jpg"", ""template"": ""https://cdn.metcash.media/image/upload/w_1500,h_1500,c_pad,b_auto/alm-online/images/754840.jpg""}",https://www.cellarbrations.com.au/sm/delivery/rsid/144981/product/tullamore-dew-irish-whiskey-700ml-bottle-id-754840,$56.00,2026-10-02T11:55:17.280398+00:00,Tullamore DEW Irish Whiskey 700mL Alcohol Volume: 40.00% Pack Format: Bottle Standard Drinks: 22 Pack Type: Bottle Country of Origin: Ireland,ml,700.0
Yamazaki 12 Year Old Single Malt Japanese Whisky 700mL Bottle,755867,"{""default"": ""https://cdn.metcash.media/image/upload/w_1500,h_1500,c_pad,b_auto/alm-online/images/755867.jpg"", ""cell"": ""https://cdn.metcash.media/image/upload/w_1500,h_1500,c_pad,b_auto/alm-online/images/755867.jpg"", ""details"": ""https://cdn.metcash.media/image/upload/w_1500,h_1500,c_pad,b_auto/alm-online/images/755867.jpg"", ""zoom"": ""https://cdn.metcash.media/image/upload/w_1500,h_1500,c_pad,b_auto/alm-online/images/755867.jpg"", ""template"": ""https://cdn.metcash.media/image/upload/w_1500,h_1500,c_pad,b_auto/alm-online/images/755867.jpg""}",https://www.cellarbrations.com.au/sm/delivery/rsid/144981/product/yamazaki-12-year-old-single-malt-japanese-whisky-700ml-bottle-id-755867,$385.00,2026-10-02T11:55:17.823649+00:00,"Known as “the pioneer of Japanese whisky” Yamazaki is Japan’s first and oldest distillery. Established in 1923 on the periphery of Kyoto, in a unique, misty region water and mountains offer diversity in nature and temperature, where conditions are ideal for ageing whisky lies the birthplace of Japanese whisky and Suntory’s flagship single malt, Yamazaki. Yamazaki 12-Year-Old offers a characteristically refined Japanese taste, distinguished by an aroma of ripened fruit and a sweet vanilla fragrance thanks to malt whiskies matured in white oak casks. Hidden flavours from the whiskies aged in sherry and mizunara casks produce layer after layer of flavour so the taste never grows tiresome. Alcohol Volume: 43.00% Pack Format: Bottle Standard Drinks: 24 Pack Type: Bottle Country of Origin: Japan",ml,700.0
